,City,Cloudiness,Country,Date,Humidity,Lat,Lng,Max Temp,Wind Speed
0,Pevek,51,RU,1563668454,91,69.7,170.27,33.04,0.36
1,Qaanaaq,95,GL,1563668429,81,77.48,-69.36,40.96,1.99
2,Tiksi,14,RU,1563668446,64,71.64,128.87,42.76,17.81
3,Rome,0,IT,1563668220,73,41.89,12.48,73.0,2.24
4,Busselton,100,AU,1563668421,51,-33.64,115.35,61.0,28.74
5,Atuona,0,PF,1563668423,80,-9.8,-139.03,79.84,15.21
6,Laguna,75,BZ,1563668488,100,16.17,-88.94,77.0,4.7
7,Makakilo City,75,US,1563668419,69,21.35,-158.09,87.8,12.75
8,Saldanha,3,PT,1563668469,69,41.42,-6.55,65.62,3.11
9,Manggar,22,ID,1563668659,88,-2.88,108.27,77.5,4.68
10,Nikolskoye,58,RU,1563668480,93,59.7,30.79,57.2,8.95
11,Castro,90,CL,1563668439,100,-42.48,-73.76,41.0,5.82
12,Hobart,40,AU,1563668203,58,-42.88,147.33,55.99,17.22
13,Caucaia,20,BR,1563668659,74,-3.73,-38.66,86.0,10.29
14,Mayo,75,CA,1563668522,41,63.59,-135.9,78.8,9.17
15,College,90,US,1563668659,52,64.86,-147.8,69.8,14.99
16,Chokurdakh,100,RU,1563668445,70,70.62,147.9,40.78,15.26
17,Bethel,90,US,1563668432,76,60.79,-161.76,57.2,10.29
18,Taman,20,RU,1563668660,68,45.22,36.72,71.6,13.42
19,Havelock,1,US,1563668509,66,34.88,-76.9,88.0,8.05
20,Viedma,100,AR,1563668660,74,-40.81,-62.99,49.6,20.92
21,Port Alfred,74,ZA,1563668434,86,-33.59,26.89,46.99,3.0
22,Ushuaia,0,AR,1563668428,74,-54.81,-68.31,33.8,9.17
23,Vardo,1,US,1563668510,70,39.62,-77.74,91.4,8.1
24,Auki,13,NG,1563668660,74,12.18,6.51,73.54,9.06
25,Thompson,40,CA,1563668425,37,55.74,-97.86,68.0,9.17
26,Angoche,0,MZ,1563668467,95,-16.23,39.91,62.92,2.89
27,Saryozek,79,KZ,1563668661,44,44.36,77.98,71.2,3.89
28,Port Elizabeth,1,US,1563668429,74,39.31,-74.98,93.2,3.36
29,Rikitea,44,PF,1563668429,52,-23.12,-134.97,67.24,8.84
30,Barrow,100,AR,1563668424,90,-38.31,-60.23,59.14,12.95
31,Yellowknife,20,CA,1563668276,40,62.45,-114.38,73.4,11.41
32,Cidreira,0,BR,1563668452,79,-30.17,-50.22,61.84,10.22
33,Kavieng,100,PG,1563668484,77,-2.57,150.8,83.26,15.59
34,Samana,75,EC,1563668661,100,0.12,-76.97,77.0,2.24
35,Punta Arenas,75,CL,1563668426,95,-53.16,-70.91,33.8,23.04
36,Acapulco,75,MX,1563668433,74,16.86,-99.88,86.0,8.05
37,Avarua,56,CK,1563668356,60,-21.21,-159.78,75.2,10.29
38,Anadyr,75,RU,1563668662,82,64.73,177.51,64.4,11.18
39,Muyezerskiy,76,RU,1563668662,76,63.93,31.65,49.78,1.36
40,Arman,85,RU,1563668662,64,59.7,150.17,55.0,4.92
41,Tuktoyaktuk,75,CA,1563668436,72,69.44,-133.03,66.2,17.22
42,Mataura,74,NZ,1563668426,98,-46.19,168.86,48.99,1.01
43,Broome,50,GB,1563668662,93,52.47,1.45,62.6,5.82
44,Lincoln,1,GB,1563668662,76,53.23,-0.54,57.99,6.93
45,Cape Town,0,ZA,1563668443,93,-33.93,18.42,46.0,1.12
46,Carnarvon,35,ZA,1563668426,66,-30.97,22.13,33.94,11.01
47,East London,35,ZA,1563668427,85,-33.02,27.91,42.4,6.55
48,Ternitz,0,AT,1563668663,77,47.71,16.02,71.01,5.82
49,Touros,75,BR,1563668663,94,-5.2,-35.46,75.2,3.36
50,Luganville,75,VU,1563668664,73,-15.51,167.18,77.0,8.05
51,Kosice,0,CZ,1563668664,60,50.18,15.53,73.4,3.36
52,Kizukuri,40,JP,1563668477,73,40.81,140.39,77.0,9.17
53,Montepuez,0,MZ,1563668665,70,-13.13,39.0,62.38,2.89
54,Port Hardy,75,CA,1563668496,82,50.7,-127.42,60.8,6.93
55,Hermanus,85,ZA,1563668424,78,-34.42,19.24,46.99,11.01
56,Walvis Bay,0,NA,1563668532,24,-22.95,14.51,68.0,2.24
57,Umm Bab,5,QA,1563668665,70,25.21,50.81,86.0,3.36
58,Kayankulam,95,IN,1563668665,82,9.18,76.5,81.1,18.92
59,Isangel,40,VU,1563668438,60,-19.55,169.27,75.2,11.41
60,New Norfolk,40,AU,1563668433,58,-42.78,147.06,55.99,17.22
61,Zapolyarnyy,59,RU,1563668666,87,69.43,30.82,53.6,5.82
62,The Valley,20,AI,1563668442,70,18.22,-63.06,84.2,9.17
63,Airai,0,TL,1563668429,41,-8.93,125.41,76.24,0.74
64,Faanui,19,PF,1563668484,77,-16.48,-151.75,77.14,16.98
65,Longyearbyen,75,NO,1563668666,93,78.22,15.63,41.0,12.75
66,Sabla,24,NG,1563668666,62,12.75,4.71,81.1,10.51
67,Zhangjiakou,30,CN,1563668444,57,40.77,114.88,72.82,3.65
68,Luderitz,0,NA,1563668666,67,-26.65,15.16,57.88,9.37
69,Kodinar,97,IN,1563668667,72,20.79,70.7,82.9,7.43
70,Arraial do Cabo,75,BR,1563668435,88,-22.97,-42.02,66.2,9.17
71,Chicama,20,PE,1563668500,82,-7.84,-79.15,64.4,8.05
72,Oistins,20,BB,1563668497,74,13.07,-59.53,82.4,13.87
73,Butaritari,79,KI,1563668422,72,3.07,172.79,83.62,8.28
74,Luanda,75,AO,1563668455,94,-8.83,13.24,69.8,4.7
75,Hilo,1,US,1563668441,62,19.71,-155.08,86.0,6.93
76,Whithorn,40,JM,1563668667,70,18.26,-78.04,86.0,20.8
77,Tasiilaq,99,GL,1563668470,86,65.61,-37.64,41.0,4.7
78,Christchurch,100,NZ,1563668648,100,-43.53,172.64,55.0,12.75
79,Bo Rai,90,TH,1563668667,94,12.57,102.54,84.0,4.7
80,Sabha,0,LY,1563668521,25,27.03,14.43,81.82,13.4
81,Khatanga,11,RU,1563668425,44,71.98,102.47,72.28,10.85
82,Dikson,65,RU,1563668424,100,73.51,80.55,44.02,10.92
83,Kapaa,40,US,1563668451,66,22.08,-159.32,87.8,14.99
84,Ponta do Sol,79,BR,1563668451,66,-20.63,-46.0,57.52,5.12
85,Brae,100,GB,1563668452,93,60.4,-1.35,55.4,9.17
86,Promyshlennyy,92,RU,1563668668,85,67.58,63.92,56.8,5.79
87,Bambous Virieux,20,MU,1563668455,93,-20.34,57.76,69.01,4.7
88,Lebu,40,ET,1563668429,87,8.96,38.73,55.4,6.93
89,Henties Bay,0,NA,1563668483,90,-22.12,14.28,53.01,3.83
90,Mountain Home,1,US,1563668668,16,43.13,-115.69,89.6,16.11
91,Kruisfontein,21,ZA,1563668516,80,-34.0,24.73,42.4,6.13
92,Marsaxlokk,0,MT,1563668668,83,35.84,14.54,73.99,3.36
93,Bindura,27,ZW,1563668669,26,-17.3,31.33,47.98,1.14
94,Conceicao do Araguaia,31,BR,1563668407,47,-8.26,-49.26,76.78,3.49
95,Bluff,54,AU,1563668429,66,-23.58,149.07,64.36,13.56
96,Deputatskiy,77,RU,1563668669,63,69.3,139.9,53.56,18.7
97,Nabire,100,ID,1563668669,90,-3.36,135.5,74.26,2.59
98,Kahului,40,US,1563668494,49,20.89,-156.47,89.6,24.16
99,Bredasdorp,67,ZA,1563668438,81,-34.53,20.04,46.99,8.05
100,Hithadhoo,98,MV,1563668435,77,-0.6,73.08,82.9,15.01
101,Vanavara,65,RU,1563668499,49,60.35,102.28,58.96,12.28
102,Srednekolymsk,99,RU,1563668671,43,67.46,153.71,57.7,16.55
103,Ust-Kuyga,75,RU,1563668456,55,70.0,135.55,56.98,13.65
104,San Julian,57,PH,1563668671,90,11.75,125.45,79.48,1.32
105,Nyzy,4,UA,1563668671,78,50.78,34.78,60.58,3.47
106,Vaini,99,IN,1563668421,91,15.34,74.49,77.68,7.49
107,Saint-Philippe,40,CA,1563668423,94,45.36,-73.48,84.99,9.33
108,Kodiak,1,US,1563668464,59,39.95,-94.76,97.0,12.75
109,Gouyave,20,GD,1563668671,83,12.16,-61.73,80.6,5.82
110,Upernavik,100,GL,1563668459,95,72.79,-56.15,44.02,6.8
111,Strakonice,20,CZ,1563668671,60,49.26,13.9,71.6,2.24
112,Bagdarin,100,RU,1563668672,96,54.44,113.59,53.02,4.76
113,Bilma,95,NE,1563668672,31,18.69,12.92,91.54,6.53
114,Vila Velha,20,BR,1563668476,74,-3.71,-38.6,86.0,10.29
115,Puerto Ayora,20,EC,1563668432,65,-0.74,-90.35,77.0,10.29
116,Ribeira Grande,0,PT,1563668427,80,38.52,-28.7,72.64,20.67
117,Chiang Rai,75,TH,1563668644,100,19.9,99.84,77.0,3.36
118,Gobabis,0,NA,1563668672,18,-22.45,18.97,47.62,9.15
119,Esperance,90,AU,1563668450,93,-33.86,121.89,51.8,16.11
120,Visby,49,SE,1563668673,100,57.64,18.3,55.4,6.93
121,Hamilton,75,CA,1563668379,62,43.26,-79.87,90.0,8.05
122,Torbay,90,CA,1563668475,87,47.66,-52.73,51.01,9.17
123,Kitimat,75,CA,1563668673,56,54.02,-128.69,68.0,3.36
124,Jamestown,12,AU,1563668452,78,-33.21,138.6,50.32,9.91
125,Lamu,100,CN,1563668673,75,35.77,102.37,56.26,3.98
126,Mogadishu,53,SO,1563668610,82,2.04,45.34,74.44,11.72
127,Adrar,49,DZ,1563668445,16,27.87,-0.29,100.4,16.11
128,Morada Nova,92,BR,1563668673,89,-5.1,-38.37,71.2,4.0
129,Alofi,62,NU,1563668501,78,-19.06,-169.92,80.6,11.41
130,Victoria,75,BN,1563668481,88,5.28,115.24,82.4,1.12
131,Porto Walter,24,BR,1563668494,73,-8.27,-72.74,75.34,1.41
132,Mildura,40,AU,1563668674,50,-34.18,142.16,57.2,8.05
133,Norman Wells,75,CA,1563668517,47,65.28,-126.83,78.8,5.82
134,Trebinje,0,HR,1563668674,88,42.71,18.35,71.6,2.24
135,Grindavik,40,IS,1563668674,87,63.84,-22.43,60.8,1.12
136,Tuatapere,99,NZ,1563668441,98,-46.13,167.69,48.99,1.01
137,Salamiyah,0,SY,1563668674,82,35.01,37.05,69.04,12.68
138,Harper,1,US,1563668456,36,30.3,-99.24,95.0,16.11
139,Shieli,63,KZ,1563668675,20,44.18,66.74,86.32,7.99
140,Aswan,0,EG,1563668675,23,24.09,32.9,93.2,9.17
141,Arkhara,95,RU,1563668675,90,49.42,130.09,74.8,16.55
142,Shizunai,100,JP,1563668675,95,42.33,142.37,61.12,3.31
143,Saint George,20,GR,1563668475,64,39.45,22.34,77.0,1.79
144,Ostrovnoy,0,RU,1563668464,79,68.05,39.51,41.14,0.92
145,Skjervoy,50,NO,1563668500,76,70.03,20.97,54.64,3.87
146,Akdepe,0,TM,1563668676,39,42.05,59.39,84.2,11.41
147,Balti,0,MD,1563668654,77,47.76,27.93,66.99,4.7
148,Sao Filipe,37,CV,1563668447,80,14.9,-24.5,72.64,16.2
149,Kinshasa,13,CD,1563668660,88,-4.32,15.31,69.8,2.24
150,Springbok,26,ZA,1563668677,31,-29.67,17.88,56.44,20.18
151,Hopkinsville,1,US,1563668585,59,36.87,-87.49,91.4,4.7
152,Humaita,0,AR,1563668677,72,-24.93,-65.37,60.8,5.82
153,Karpathos,1,GR,1563668677,78,35.51,27.21,75.2,28.86
154,Jiaonan,0,CN,1563668678,66,35.88,119.98,84.99,4.47
155,Usogorsk,22,RU,1563668678,99,63.43,48.71,48.52,5.3
156,Manicore,67,BR,1563668678,78,-5.81,-61.3,76.78,1.99
157,Sulangan,94,PH,1563668673,75,11.14,123.72,82.9,5.01
158,Padang,100,ID,1563668487,75,-0.92,100.36,81.46,4.34
159,Faya,0,SA,1563668444,43,18.39,42.45,71.6,4.7
160,Tokur,100,RU,1563668678,99,53.13,132.9,52.12,6.58
161,Boshnyakovo,100,RU,1563668678,99,49.65,142.17,59.32,17.29
162,Zabol,0,IR,1563668679,22,31.03,61.49,89.6,20.8
163,Hovd,0,NO,1563668679,52,63.83,10.7,68.0,19.46
164,Berlevag,0,NO,1563668521,82,70.86,29.09,51.58,6.13
165,Morden,1,CA,1563668679,64,49.19,-98.1,73.4,9.17
166,Albany,90,US,1563668338,73,42.65,-73.75,88.0,21.92
167,Corato,0,IT,1563668679,77,41.15,16.41,73.0,6.93
168,Souillac,0,FR,1563668471,88,45.6,-0.6,70.0,5.82
169,Wanning,75,AT,1563668478,82,48.64,13.53,71.01,8.05
170,San Patricio,29,PY,1563668524,74,-26.98,-56.83,70.3,12.41
171,Calabozo,23,VE,1563668680,89,8.92,-67.43,76.42,4.25
172,Aklavik,90,CA,1563668486,43,68.22,-135.01,73.4,10.29
173,Duiwelskloof,50,ZA,1563668680,94,-23.69,30.14,46.9,7.25
174,Naze,96,NG,1563668431,95,5.43,7.07,73.0,1.5
175,Salalah,75,OM,1563668491,94,17.01,54.1,78.8,2.24
176,Yuryevets,10,RU,1563668680,96,57.32,43.11,52.66,5.55
177,Vestmannaeyjar,70,IS,1563668545,91,63.44,-20.27,52.12,4.5
178,Latung,57,ID,1563668681,73,-8.45,120.42,73.36,3.44
179,Moussoro,93,TD,1563668681,59,13.64,16.49,82.36,11.18
180,Darhan,42,MN,1563668681,72,49.49,105.92,65.26,3.96
181,Whitehorse,75,CA,1563668486,59,60.72,-135.06,72.0,2.24
182,Itaituba,13,BR,1563668681,62,-4.26,-55.99,78.22,2.53
183,Meulaboh,100,ID,1563668442,70,4.14,96.13,79.48,2.77
184,Palmer,20,AU,1563668681,67,-34.85,139.16,60.01,11.41
185,Buala,89,SB,1563668499,74,-8.15,159.59,82.54,8.99
186,Hervey Bay,3,AU,1563668682,56,-25.3,152.85,69.8,10.29
187,Sola,88,TZ,1563668682,50,-3.17,33.8,67.78,3.98
188,Abu Dhabi,13,AE,1563668509,75,24.47,54.37,93.2,3.36
189,Cherskiy,100,RU,1563668446,48,68.75,161.3,49.6,10.69
190,Mar del Plata,14,AR,1563668268,57,-46.43,-67.52,37.54,6.96
191,Kamina,0,CD,1563668682,34,-8.74,25.0,60.58,3.38
192,Corn Island,100,NI,1563668682,84,12.17,-83.04,82.72,15.9
193,Bandarbeyla,100,SO,1563668435,64,9.49,50.81,76.6,26.71
194,Ugoofaaru,83,MV,1563668682,78,5.67,73.0,82.72,20.07
195,Coahuayana,100,MX,1563668475,83,18.62,-100.35,76.96,1.39
196,Pisco,90,PE,1563668307,30,-13.71,-76.2,71.6,4.7
197,Caravelas,23,BR,1563668516,73,-17.73,-39.27,71.92,13.4
198,Chuy,1,UY,1563668436,85,-33.69,-53.46,60.94,12.03
199,Severo-Kurilsk,89,RU,1563668431,96,50.68,156.12,45.82,10.8
200,Rondonopolis,97,BR,1563668684,43,-16.46,-54.64,73.54,3.56
201,Guerrero Negro,1,MX,1563668520,84,27.97,-114.04,66.16,17.9
202,Ixtapa,75,MX,1563668456,55,20.71,-105.21,86.0,6.93
203,Timbuktu,0,ML,1563668684,35,16.77,-3.01,95.14,11.45
204,Kaeo,57,NZ,1563668685,100,-35.1,173.78,63.0,3.0
205,Lompoc,1,US,1563668418,68,34.64,-120.46,72.0,13.87
206,Bosaso,65,SO,1563668434,58,11.28,49.18,89.92,13.78
207,Lahat,86,ID,1563668448,92,-3.78,103.55,68.32,2.64
208,Namatanai,78,PG,1563668685,79,-3.66,152.44,80.74,10.85
209,Abu Samrah,0,SY,1563668685,77,35.3,37.18,68.86,11.07
210,San Andres,100,PH,1563668685,78,13.32,122.68,83.08,3.02
211,Poum,0,MK,1563668470,78,41.28,20.71,57.16,1.59
212,Tezu,100,IN,1563668686,96,27.93,96.16,72.64,3.89
213,Paamiut,13,GL,1563668686,92,61.99,-49.67,42.76,13.11
214,Lorengau,92,PG,1563668466,86,-2.02,147.27,79.12,10.98
215,Miramar,0,CR,1563668686,61,10.09,-84.73,78.8,11.41
216,Yagodnoye,91,RU,1563668686,63,62.52,149.63,43.66,6.44
217,Chifeng,5,CN,1563668686,40,42.27,118.96,79.48,5.21
218,Banyuwangi,61,ID,1563668687,85,-8.21,114.37,67.42,2.73
219,Tall Kayf,0,TR,1563668687,39,37.08,41.07,79.0,13.87
220,Te Anau,98,NZ,1563668465,88,-45.41,167.72,46.36,4.36
221,Iqaluit,90,CA,1563668435,100,63.75,-68.52,42.01,16.11
222,Coihaique,20,CL,1563668666,86,-45.58,-72.07,33.8,5.82
223,Kulhudhuffushi,100,MV,1563668687,78,6.62,73.07,82.54,22.44
224,Seoul,90,KR,1563668360,94,37.57,126.98,77.0,5.82
225,Thatcham,22,GB,1563668626,93,51.4,-1.26,60.01,2.24
226,Mahajanga,0,MG,1563668687,77,-15.72,46.32,68.0,3.36
227,Tautira,40,PF,1563668688,54,-17.73,-149.15,82.4,13.87
228,Charyshskoye,0,RU,1563668688,94,51.4,83.56,55.72,2.93
229,Hasaki,75,JP,1563668526,94,35.73,140.83,75.2,6.93
230,Marrakesh,0,MA,1563668688,69,31.63,-7.99,73.4,6.93
231,Igra,6,RU,1563668689,86,57.55,53.1,60.01,1.01
232,Maltahohe,0,NA,1563668689,22,-24.83,16.98,43.48,6.8
233,Iquique,90,CL,1563668524,72,-20.22,-70.14,60.8,4.7
234,San Rafael,58,AR,1563668689,44,-34.61,-68.33,53.74,2.28
235,Chimbarongo,100,CL,1563668689,66,-34.71,-71.04,50.0,5.82
236,Mendota,1,US,1563668689,31,36.75,-120.38,95.0,9.17
237,Avera,1,US,1563668486,46,33.19,-82.53,91.4,9.17
238,Ketchikan,40,US,1563668407,56,55.34,-131.65,68.0,12.75
239,Puerto Escondido,40,MX,1563668497,66,15.86,-97.07,87.8,9.17
240,Ontario,1,US,1563668465,37,34.07,-117.65,89.6,13.87
241,Horki,0,BY,1563668690,75,54.29,30.98,54.1,4.21
242,Sochi,90,RU,1563668690,88,43.6,39.73,71.6,4.47
243,Ola,72,RU,1563668690,87,59.58,151.3,51.4,4.72
244,Maniitsoq,9,GL,1563668690,81,65.42,-52.9,47.44,11.9
245,Goroka,52,PG,1563668691,64,-6.07,145.39,67.78,1.72
246,Pangnirtung,90,CA,1563668473,67,66.15,-65.72,53.92,4.92
247,Vostok,76,RU,1563668469,61,46.45,135.83,82.18,1.16
248,Georgetown,20,GY,1563668395,94,6.8,-58.16,77.0,2.24
249,Maple Creek,57,CA,1563668691,51,49.91,-109.46,69.22,12.95
250,Iisalmi,0,FI,1563668692,87,63.56,27.19,55.4,2.24
251,Fairbanks,90,US,1563668692,52,64.84,-147.72,69.8,14.99
252,Nuuk,100,GL,1563668493,93,64.17,-51.74,46.4,2.24
253,Kloulklubed,75,PW,1563668693,79,7.04,134.26,84.2,6.93
254,Sitka,0,US,1563668441,32,37.17,-99.65,98.01,18.99
255,Aruppukkottai,40,IN,1563668693,74,9.51,78.1,78.8,3.36
256,San Juan,100,AR,1563668693,13,-31.54,-68.53,54.82,8.99
257,Moron,46,HT,1563668440,74,18.56,-74.26,82.72,5.73
258,Basoko,94,CD,1563668508,92,1.23,23.61,68.86,1.32
259,Puerto Penasco,5,MX,1563668693,52,31.32,-113.53,93.2,16.33
260,Rawson,100,AR,1563668693,92,-43.3,-65.11,40.42,25.43
261,Kaitangata,100,NZ,1563668173,92,-46.28,169.85,50.0,11.99
262,Lubao,69,CD,1563668694,35,-5.39,25.75,73.72,3.06
263,Storsteinnes,41,NO,1563668694,100,69.24,19.23,57.2,11.41
264,Sao Joao da Barra,20,BR,1563668514,93,-21.64,-41.05,66.2,6.93
265,Broken Hill,60,AU,1563668477,32,-31.97,141.45,55.4,12.75
266,Komatipoort,98,MZ,1563668694,58,-25.43,31.96,59.0,2.24
267,Richards Bay,85,ZA,1563668694,72,-28.77,32.06,61.3,37.6
268,Senno,0,RU,1563668694,100,57.76,27.95,51.8,2.8
269,Petropavlovsk-Kamchatskiy,40,RU,1563668434,68,53.05,158.65,68.0,11.18
270,Zeya,100,RU,1563668695,98,53.74,127.27,58.24,6.82
271,Bambanglipuro,100,ID,1563668695,88,-7.95,110.28,75.7,10.83
272,Lagoa,0,PT,1563668431,37,37.14,-8.45,82.4,12.75
273,Nanortalik,100,GL,1563668432,96,60.14,-45.24,41.32,2.98
274,Jardim,83,BR,1563668695,58,-21.48,-56.15,71.92,4.34
275,Wewak,80,PG,1563668695,84,-3.55,143.63,80.56,3.76
276,Mwinilunga,0,ZM,1563668695,35,-11.73,24.43,55.0,5.73
277,Belmonte,0,PT,1563668390,88,40.36,-7.35,75.99,2.06
278,Saint Anthony,1,US,1563668442,20,43.97,-111.68,84.2,12.75
279,Yinchuan,98,CN,1563668449,28,38.48,106.21,84.99,1.01
280,Mahebourg,20,MU,1563668461,93,-20.41,57.7,69.01,4.7
281,Mahibadhoo,64,MV,1563668696,77,3.78,72.97,83.44,17.45
282,Najran,0,SA,1563668693,18,17.54,44.22,80.6,2.33
283,Edson,40,CA,1563668428,49,53.59,-116.44,69.8,3.36
284,Athabasca,0,CA,1563668696,31,54.72,-113.29,75.16,2.62
285,Madera,1,US,1563668696,31,36.96,-120.06,98.01,9.17
286,Ancud,90,CL,1563668465,100,-41.87,-73.83,41.0,5.82
287,Praya,75,ID,1563668697,94,-8.71,116.27,73.4,12.84
288,Nelson Bay,0,AU,1563668529,62,-32.72,152.14,64.0,2.24
289,Den Helder,75,NL,1563668436,82,52.96,4.76,66.0,10.29
290,Dicabisagan,100,PH,1563668697,89,17.08,122.42,78.22,2.82
291,Taperoa,83,BR,1563668697,82,-7.21,-36.83,70.48,16.04
292,Geraldton,75,CA,1563668464,64,49.72,-86.95,68.0,3.36
293,Maumere,42,ID,1563668448,59,-8.63,122.22,76.42,2.51
294,Jalu,0,LY,1563668454,38,29.03,21.55,79.48,13.67
295,Bathsheba,20,BB,1563668444,74,13.22,-59.52,82.4,13.87
296,Leirvik,90,NO,1563668548,93,59.78,5.5,59.0,11.41
297,Putina,40,PE,1563668698,31,-14.91,-69.87,46.4,6.93
298,Alugan,64,PH,1563668698,70,12.22,125.48,84.52,3.15
299,Beloha,17,MG,1563668465,89,-25.17,45.06,64.0,7.94
300,Atar,57,MR,1563668699,25,20.52,-13.05,95.68,2.75
301,Leningradskiy,84,RU,1563668469,88,69.38,178.42,37.36,15.08
302,Kholtoson,57,RU,1563668699,87,50.3,103.31,55.54,1.59
303,Mkushi,0,ZM,1563668700,50,-13.61,29.4,51.22,2.71
304,Sao Felix do Xingu,54,BR,1563668575,59,-6.64,-51.99,74.98,3.04
305,Otane,14,NZ,1563668700,68,-39.89,176.62,55.99,2.55
306,Ossora,100,RU,1563668700,87,59.24,163.07,61.84,4.59
307,Lata,17,IN,1563668700,90,30.78,78.62,39.52,0.56
308,Yakima,1,US,1563668700,18,46.6,-120.51,84.2,4.7
309,Uyemskiy,40,RU,1563668701,76,64.47,40.85,50.0,4.47
310,Priiskovyy,100,RU,1563668701,96,51.93,116.63,54.28,4.45
311,San Jose,20,HN,1563668643,48,14.25,-87.96,84.2,8.05
312,Port Hawkesbury,1,CA,1563668701,68,45.62,-61.36,73.99,2.06
313,Antofagasta,90,CL,1563668514,72,-23.65,-70.4,59.0,8.05
314,Lavrentiya,100,RU,1563668457,82,65.58,-170.99,47.08,6.91
315,Mount Gambier,26,AU,1563668500,81,-37.83,140.78,48.2,9.17
316,Kysyl-Syr,8,RU,1563668701,45,63.9,122.77,64.9,2.53
317,Lewisburg,75,US,1563668702,70,40.96,-76.88,90.0,7.76
318,Ludgerovice,0,CZ,1563668702,82,49.89,18.24,66.99,3.36
319,Sagua de Tanamo,41,CU,1563668702,84,20.58,-75.24,75.88,2.26
320,Plettenberg Bay,14,ZA,1563668702,80,-34.05,23.37,41.86,5.7
321,Los Llanos de Aridane,90,ES,1563668433,73,28.66,-17.92,73.4,13.87
322,Gweta,10,BW,1563668702,19,-20.21,25.26,54.46,8.79
323,Constitucion,90,MX,1563668447,36,23.99,-104.67,75.2,11.41
324,Saskylakh,4,RU,1563668423,48,71.97,114.09,62.02,7.96
325,Okha,100,RU,1563668703,98,53.59,142.95,58.78,2.21
326,Prince Rupert,1,CA,1563668464,77,54.32,-130.32,62.6,9.17
327,Santa Maria,0,BR,1563668703,59,-16.02,-48.01,62.6,6.93
328,Havre-Saint-Pierre,90,CA,1563668703,93,50.23,-63.6,55.4,4.7
329,Necochea,100,AR,1563668477,88,-38.55,-58.74,60.01,15.99
330,Kununurra,89,AU,1563668703,60,-15.77,128.74,69.8,1.12
331,Westport,1,US,1563668465,62,41.14,-73.36,91.4,9.17
332,Fairview,20,CA,1563668704,53,56.07,-118.38,75.2,8.05
333,Dingle,41,PH,1563668518,78,11.0,122.67,81.1,2.24
334,Nikolayevsk-na-amure,100,RU,1563668704,99,53.14,140.72,51.04,6.49
335,Chapais,20,CA,1563668704,68,49.78,-74.86,69.8,6.93
336,Mendi,78,ET,1563668704,96,9.8,35.1,61.48,4.5
337,Basco,40,US,1563668704,66,40.33,-91.2,91.99,4.7
338,Ahuimanu,90,US,1563668705,83,21.44,-157.84,87.8,14.99
339,Skibbereen,75,IE,1563668705,87,51.55,-9.27,59.0,8.05
340,Lasa,20,CY,1563668705,88,34.92,32.53,75.2,8.05
341,Port Blair,88,IN,1563668452,81,11.67,92.75,81.46,8.59
342,Mandalgovi,46,MN,1563668705,41,45.76,106.27,70.66,15.48
343,Kirundo,78,BI,1563668705,79,-2.59,30.09,62.92,1.61
344,Kangaatsiaq,89,GL,1563668453,80,68.31,-53.46,47.08,11.59
345,Isiro,7,CD,1563668706,99,2.77,27.62,65.26,2.48
346,San Quintin,100,PH,1563668450,83,17.54,120.52,80.02,2.84
347,Santa Fe,35,AR,1563668466,77,-31.62,-60.7,70.0,11.01
348,Tekeli,34,KZ,1563668706,44,44.86,78.76,68.32,5.35
349,Darovskoy,80,RU,1563668706,99,58.77,47.96,52.84,5.35
350,Provideniya,100,RU,1563668466,84,64.42,-173.23,53.2,7.09
351,Marawi,39,PH,1563668530,80,8.0,124.29,80.01,3.0
352,Talnakh,0,RU,1563668476,59,69.49,88.39,60.8,8.95
353,Bredy,17,RU,1563668534,70,52.43,60.33,66.16,21.07
354,Margate,75,AU,1563668677,58,-43.03,147.26,57.99,20.8
355,Dhanaula,0,IN,1563668708,65,30.85,76.34,83.44,6.4
356,Kiunga,71,PG,1563668708,92,-6.12,141.3,72.1,3.38
357,Tecoanapa,75,MX,1563668708,74,16.99,-99.26,86.0,8.05
358,Melfi,5,IT,1563668709,73,41.0,15.66,71.6,2.24
359,Azua,90,DO,1563668709,83,18.45,-70.73,82.4,14.99
360,Emerald,0,AU,1563668709,63,-23.53,148.16,66.2,12.75
361,Ambanja,83,MG,1563668709,76,-13.68,48.45,77.14,7.9
362,Qesarya,40,IL,1563668709,73,32.52,34.9,78.01,4.7
363,Carutapera,38,BR,1563668437,83,-1.2,-46.02,76.42,7.7
364,Yulara,0,AU,1563668434,50,-25.24,130.99,53.6,8.05
365,Komsomolskiy,97,RU,1563668517,85,67.55,63.78,57.16,5.53
366,Kilindoni,0,TZ,1563668710,75,-7.91,39.67,76.96,11.61
367,Kearney,1,US,1563668416,74,40.7,-99.08,82.99,18.34
368,San Cristobal,82,HN,1563668479,68,14.68,-86.92,74.44,6.91
369,Meiringen,90,CH,1563668710,68,46.73,8.19,73.4,3.36
370,Balabac,100,PH,1563668534,76,7.99,117.06,83.44,9.53
371,Nouakchott,0,MR,1563668671,83,18.08,-15.98,78.8,9.17
372,Kurmanayevka,0,RU,1563668711,79,52.51,52.07,61.3,6.35
373,Pundaguitan,52,PH,1563668711,75,6.37,126.17,81.64,3.11
374,Tangjiazhuang,93,CN,1563668711,83,33.27,105.76,68.14,2.77
375,Ilulissat,75,GL,1563668455,76,69.22,-51.1,51.8,2.24
376,Saurimo,0,AO,1563668711,31,-9.66,20.4,59.32,5.19
377,Gambela,55,ET,1563668711,80,8.25,34.59,69.94,4.16
378,Katsuura,75,JP,1563668481,100,33.93,134.5,81.0,24.16
379,Heyang,99,CN,1563668711,97,26.1,107.47,71.2,1.92
380,Plattling,100,DE,1563668712,70,48.78,12.88,73.0,4.65
381,Bilibino,97,RU,1563668712,57,68.06,166.44,42.94,4.7
382,Baoro,56,CF,1563668712,97,5.69,15.95,65.98,1.81
383,Mumford,93,GH,1563668712,97,5.26,-0.76,72.28,3.67
384,Ler,0,NO,1563668712,52,63.2,10.3,68.0,19.46
385,Aktau,0,KZ,1563668713,57,43.65,51.16,78.8,8.95
386,Husavik,20,CA,1563668474,48,50.56,-96.99,72.0,5.01
387,Clovis,20,US,1563668713,26,36.83,-119.7,98.01,11.41
388,Port Macquarie,0,AU,1563668435,76,-31.43,152.91,61.0,1.12
389,Nhulunbuy,52,AU,1563668713,65,-12.18,136.78,77.0,12.75
390,Port Lincoln,17,AU,1563668477,70,-34.72,135.86,57.88,22.57
391,Araouane,12,ML,1563668481,25,18.9,-3.53,97.3,13.35
392,Marquette,75,US,1563668713,78,46.54,-87.4,73.99,6.93
393,Dzilam Gonzalez,0,MX,1563668714,79,21.28,-88.93,82.18,19.91
394,Aberdeen,1,US,1563668714,53,46.98,-123.82,82.99,11.41
395,Powell,1,US,1563668611,70,40.16,-83.08,90.0,5.82
396,Zhangye,100,CN,1563668714,46,38.94,100.46,66.34,3.62
397,Sheboygan,1,US,1563668708,88,43.75,-87.71,72.0,5.82
398,Aden,61,YE,1563668539,70,12.79,45.03,85.6,4.76
399,Aksarka,34,RU,1563668445,73,66.56,67.8,63.1,2.24
400,Suntar,0,RU,1563668715,50,62.16,117.65,62.74,3.62
401,Katangli,100,RU,1563668473,82,51.71,143.23,70.12,11.95
402,Inhambane,89,MZ,1563668716,68,-23.87,35.38,63.46,11.03
403,Gravdal,90,NO,1563668525,93,59.79,5.78,59.0,11.41
404,Townsville,20,AU,1563668716,53,-19.26,146.82,71.6,8.05
405,Nykoping,0,SE,1563668716,93,58.75,17.01,60.8,9.17
406,Naukot,0,PK,1563668716,46,26.04,69.12,89.92,9.08
407,Batagay-Alyta,89,RU,1563668716,42,67.8,130.41,58.42,19.33
408,Rumuruti,78,KE,1563668717,89,0.26,36.54,55.18,1.1
409,Sosnovo-Ozerskoye,100,RU,1563668717,74,52.53,111.54,55.54,9.73
410,Port Saint Lucie,40,US,1563668717,70,27.29,-80.35,84.99,5.82
411,Oum Hadjer,99,TD,1563668717,73,13.3,19.7,78.4,4.18
412,San Jeronimo,13,PE,1563668718,71,-13.65,-73.37,46.9,3.04
413,Alta Floresta,0,BR,1563668718,64,-9.87,-56.08,73.4,3.36
414,Camacupa,0,AO,1563668718,33,-12.02,17.48,49.6,2.06
415,Narsipatnam,75,IN,1563668718,94,17.67,82.61,80.6,2.24
416,Lensk,0,RU,1563668718,47,60.71,114.91,60.04,11.39
417,Mangaratiba,0,BR,1563668718,72,-22.96,-44.04,73.4,9.17
418,Vila Franca do Campo,40,PT,1563668719,88,37.72,-25.43,71.6,5.82
419,Wanxian,99,CN,1563668719,89,30.8,108.39,77.86,4.21
420,Frontignan,0,FR,1563668719,94,43.45,3.75,71.6,3.18
421,Haines Junction,80,CA,1563668719,46,60.75,-137.51,66.16,7.27
422,Kaniama,1,CD,1563668719,36,-7.57,24.18,64.36,3.58
423,Yaroslavskiy,100,RU,1563668720,80,44.19,132.23,75.7,14.34
424,Cabo San Lucas,40,MX,1563668356,69,22.89,-109.91,88.0,18.34
425,Mayumba,72,GA,1563668720,91,-3.44,10.65,71.2,6.62
426,Riachao,35,BR,1563668720,45,-7.36,-46.62,81.46,3.33
427,Matagami,85,NG,1563668517,97,9.67,8.4,68.32,3.89
428,Clyde River,90,CA,1563668483,100,70.47,-68.59,39.2,12.75
429,Nyurba,0,RU,1563668720,48,63.29,118.35,64.9,3.06
430,Casper,1,US,1563668721,44,42.87,-106.31,81.0,20.8
431,Youghal,75,IE,1563668721,87,51.95,-7.85,59.0,8.05
432,Mangalore,75,IN,1563668721,94,12.87,74.84,75.2,3.36
433,Esmeraldas,0,BR,1563668721,82,-19.76,-44.31,60.8,12.75
434,Quesnel,1,CA,1563668721,40,52.98,-122.49,73.4,3.36
435,Samarai,82,PG,1563668721,79,-10.62,150.67,76.06,5.26
436,Sorong,88,ID,1563668722,93,-0.86,131.25,76.24,5.84
437,Beringovskiy,84,RU,1563668488,65,63.05,179.32,65.8,10.07
438,Grants,75,US,1563668722,17,35.15,-107.85,84.2,3.36
439,Itarema,62,BR,1563668533,85,-2.92,-39.92,73.54,7.05
440,Esna,40,RO,1563668722,72,45.2,27.57,68.0,6.93
441,San Ramon,75,NI,1563668722,73,12.92,-85.84,73.4,6.93
442,Labuhan,0,ID,1563668436,88,-2.54,115.51,75.34,0.18
443,Cotonou,40,BJ,1563668723,94,6.37,2.43,77.0,6.93
444,Takab,27,IR,1563668723,29,36.4,47.11,67.78,6.46
445,Lafiagi,70,NG,1563668723,94,8.85,5.42,72.46,3.98
446,Kaohsiung,75,TW,1563668723,94,22.62,120.31,80.6,3.36
447,Hay River,20,CA,1563668488,44,60.82,-115.79,77.0,10.29
448,Amantea,0,IT,1563668724,94,39.13,16.07,70.0,3.36
449,Zhigansk,28,RU,1563668524,34,66.77,123.37,70.66,10.0
450,Dubbo,0,AU,1563668725,36,-32.25,148.6,60.8,11.41
451,Belen,1,US,1563668725,12,34.66,-106.78,99.0,21.92
452,Kochubeyevskoye,0,RU,1563668725,72,44.64,41.85,68.0,6.71
453,Maldonado,0,UY,1563668725,93,-34.91,-54.96,60.8,6.93
454,Nauchnyy Gorodok,40,RU,1563668725,93,53.42,83.52,60.8,4.47
455,Port Hedland,7,AU,1563668449,37,-20.31,118.58,66.2,9.17
456,Nong Khai,75,TH,1563668726,100,17.88,102.75,80.6,2.24
457,Khasan,95,RU,1563668726,98,42.43,130.64,67.42,8.97
458,Conway,1,US,1563668726,59,35.09,-92.44,91.4,11.41
459,Phan Thiet,100,VN,1563668726,87,10.93,108.1,77.14,3.83
460,Progreso,0,UY,1563668727,88,-34.68,-56.22,64.0,9.17
461,Ginda,0,IN,1563668727,86,30.69,78.49,58.6,3.22
462,Makat,0,KZ,1563668479,35,47.65,53.35,78.22,7.4
463,Tual,100,ID,1563668727,83,-5.67,132.75,76.42,19.86
464,Tefe,8,BR,1563668727,96,-3.35,-64.71,73.54,2.17
465,Gwembe,0,ZM,1563668727,25,-16.5,27.61,56.8,3.49
466,San Felipe,100,CL,1563668727,67,-32.75,-70.73,52.0,1.01
467,Boa Vista,75,BR,1563668710,83,2.82,-60.67,78.8,4.7
468,Benton Harbor,20,US,1563668728,88,42.12,-86.45,78.01,10.29
469,Matay,0,EG,1563668728,60,28.42,30.79,72.82,12.71
470,Sorland,90,NO,1563668484,100,67.67,12.69,50.0,6.93
471,San Joaquin,23,PH,1563668526,76,10.59,122.14,81.82,3.58
472,Opelousas,1,US,1563668505,83,30.53,-92.08,82.4,3.36
473,Morondava,0,MG,1563668728,63,-20.3,44.28,75.16,13.44
474,Luwuk,88,ID,1563668728,93,-0.95,122.79,65.26,5.95
475,Paso de los Toros,30,UY,1563668660,91,-32.81,-56.52,64.36,13.58
476,Assiniboia,79,CA,1563668729,59,49.63,-105.99,68.32,8.16
477,Obsharovka,0,RU,1563668729,88,53.12,48.85,58.24,7.23
478,Atambua,6,ID,1563668464,69,-9.11,124.89,74.8,7.94
479,Oussouye,20,SN,1563668729,83,12.49,-16.54,80.6,2.24
480,Gat,42,SN,1563668427,78,14.69,-16.54,78.8,5.82
481,Coos Bay,1,US,1563668729,72,43.37,-124.22,68.0,21.92
482,Luau,0,CD,1563668730,35,-10.7,22.23,55.72,2.37
483,Carson City,1,US,1563668730,16,39.16,-119.77,93.99,11.41
484,Klaksvik,100,FO,1563668730,100,62.23,-6.59,51.8,4.7
485,Zhengjiatun,100,CN,1563668730,76,43.51,123.51,77.5,7.7
486,Kogon,0,UZ,1563668730,36,39.73,64.54,80.6,9.17
487,Derzhavinsk,33,KZ,1563668731,51,51.1,66.31,74.62,16.6
488,Tarakan,81,ID,1563668731,93,3.3,117.63,76.06,6.64
489,Bonthe,100,SL,1563668731,90,7.53,-12.5,76.06,5.77
490,Payo,86,ID,1563668731,92,-3.75,103.64,68.32,2.64
491,Pontiac,1,US,1563668731,88,42.64,-83.29,75.99,13.91
492,Hornepayne,99,CA,1563668731,91,49.22,-84.78,60.58,9.26
493,Alzamay,95,RU,1563668732,98,55.55,98.67,51.94,1.5
494,Vaitape,19,PF,1563668732,77,-16.52,-151.75,77.14,16.98
495,Norton,1,US,1563668732,66,41.97,-71.19,90.0,5.82
496,Yeppoon,90,AU,1563668732,77,-23.13,150.74,64.4,11.41
497,Kalmunai,100,LK,1563668384,68,7.42,81.82,77.68,5.12
498,Yuxia,75,CN,1563668732,83,34.06,108.63,78.8,8.95
499,Kotdwara,0,IN,1563668733,88,29.75,78.53,70.48,4.36
500,Nampula,0,MZ,1563668734,82,-15.12,39.26,62.6,4.7
501,Narsaq,28,GL,1563668438,71,60.91,-46.05,53.6,6.93
502,Orlovka,26,KG,1563668734,58,42.75,75.59,58.78,5.12
503,La Paz,75,MX,1563668734,26,24.15,-110.32,93.2,14.99
504,Gmunden,75,AT,1563668734,82,47.92,13.8,71.01,8.05
505,Kirakira,35,SB,1563668474,77,-10.46,161.92,80.38,16.69
506,Anloga,75,GH,1563668679,94,5.79,0.9,73.4,8.05
507,Teguldet,88,RU,1563668735,95,57.31,88.17,48.88,4.61
508,Waipawa,14,NZ,1563668448,68,-39.94,176.59,55.99,2.55
509,Rundu,0,NA,1563668670,20,-17.91,19.77,50.5,5.06
510,Vila,0,IT,1563668735,88,45.18,8.4,77.0,3.36
511,Yar-Sale,5,RU,1563668534,70,66.83,70.83,65.62,2.46
512,Sur,36,OM,1563668471,79,22.57,59.53,76.24,10.11
513,Grand Gaube,20,MU,1563668727,93,-20.01,57.66,69.01,4.7
514,Tsabong,0,BW,1563668735,51,-26.02,22.4,44.02,7.61
515,Cayenne,0,GF,1563668310,88,4.94,-52.33,78.8,3.36
516,Owando,69,CG,1563668687,91,-0.49,15.91,71.56,2.42
517,Comodoro Rivadavia,0,AR,1563668735,50,-45.87,-67.48,41.0,3.36
518,Rochegda,62,RU,1563668736,91,62.67,43.41,48.7,5.01
519,Hays,1,US,1563668736,35,38.88,-99.33,102.2,13.87
520,Yumen,100,CN,1563668736,41,40.29,97.04,73.0,5.86
521,Alice Springs,57,AU,1563668548,36,-23.7,133.88,60.8,13.87
522,Mpulungu,0,ZM,1563668736,63,-8.77,31.12,53.74,3.02
523,Proletariy,14,RU,1563668737,96,58.43,31.7,54.82,4.34
524,Norsup,75,VU,1563668737,73,-16.07,167.38,77.0,8.05
525,Autazes,45,BR,1563668737,77,-3.58,-59.13,77.14,0.6
526,Quatre Cocos,20,MU,1563668737,93,-20.21,57.76,69.01,4.7
527,Puerto Carreno,40,CO,1563668737,78,6.19,-67.49,80.6,4.16
528,Iskitim,75,RU,1563668737,93,54.64,83.3,55.4,6.71
529,Salinopolis,30,BR,1563668453,76,-0.61,-47.36,82.0,22.62
530,Portel,61,BR,1563668738,70,-1.94,-50.82,76.06,2.42
531,Likhoslavl,39,RU,1563668738,99,57.12,35.47,54.1,5.28
532,Belem de Sao Francisco,43,BR,1563668738,75,-8.75,-38.97,69.94,14.45
533,Wodonga,38,AU,1563668738,93,-36.12,146.89,52.0,2.24
534,Sioux Lookout,75,CA,1563668739,88,50.1,-91.92,68.0,2.24
535,Kon Tum,100,VN,1563668739,97,14.36,108.0,72.1,0.85
536,Taoudenni,62,ML,1563668436,12,22.68,-3.98,101.44,5.37
537,Bustamante,0,MX,1563668739,18,26.53,-100.51,94.96,15.39
538,Pampas,45,PE,1563668739,83,-12.4,-74.87,41.32,5.88
539,Kentau,18,KZ,1563668739,23,43.52,68.5,81.46,8.79
540,New Plymouth,100,NZ,1563668739,78,-39.06,174.08,57.0,5.99
541,La Llave,75,MX,1563668740,46,20.47,-99.99,73.4,18.34
542,Tibati,100,CM,1563668740,96,6.47,12.63,65.98,2.3
